-- phpMyAdmin SQL Dump
-- version 3.4.6-rc1
-- http://www.phpmyadmin.net
--
-- Хост: localhost
-- Время создания: Мар 19 2012 г., 06:48
-- Версия сервера: 5.5.16
-- Версия PHP: 5.2.17

SET SQL_MODE="NO_AUTO_VALUE_ON_ZERO";
SET time_zone = "+00:00";


/*!40101 SET @OLD_CHARACTER_SET_CLIENT=@@CHARACTER_SET_CLIENT */;
/*!40101 SET @OLD_CHARACTER_SET_RESULTS=@@CHARACTER_SET_RESULTS */;
/*!40101 SET @OLD_COLLATION_CONNECTION=@@COLLATION_CONNECTION */;
/*!40101 SET NAMES utf8 */;

--
-- База данных: `otbprof`
--
CREATE DATABASE `otbprof` DEFAULT CHARACTER SET cp1251 COLLATE cp1251_general_ci;
USE `otbprof`;

-- --------------------------------------------------------

--
-- Структура таблицы `days`
--

CREATE TABLE IF NOT EXISTS `days` (
  `id` int(10) NOT NULL AUTO_INCREMENT,
  `day` varchar(10) NOT NULL,
  PRIMARY KEY (`id`)
) ENGINE=InnoDB  DEFAULT CHARSET=cp1251 AUTO_INCREMENT=32 ;

--
-- Дамп данных таблицы `days`
--

INSERT INTO `days` (`id`, `day`) VALUES
(1, '01'),
(2, '02'),
(3, '03'),
(4, '04'),
(5, '05'),
(6, '06'),
(7, '07'),
(8, '08'),
(9, '09'),
(10, '10'),
(11, '11'),
(12, '12'),
(13, '13'),
(14, '14'),
(15, '15'),
(16, '16'),
(17, '17'),
(18, '18'),
(19, '19'),
(20, '20'),
(21, '21'),
(22, '22'),
(23, '23'),
(24, '24'),
(25, '25'),
(26, '26'),
(27, '27'),
(28, '28'),
(29, '29'),
(30, '30'),
(31, '31');

-- --------------------------------------------------------

--
-- Структура таблицы `documents`
--

CREATE TABLE IF NOT EXISTS `documents` (
  `id` int(4) NOT NULL AUTO_INCREMENT,
  `linkkey` int(10) NOT NULL,
  `titledoc` varchar(50) NOT NULL,
  `typedoc` varchar(50) NOT NULL,
  `datep` varchar(50) NOT NULL,
  `dateo` varchar(50) NOT NULL,
  PRIMARY KEY (`id`),
  KEY `linkkey` (`linkkey`)
) ENGINE=InnoDB DEFAULT CHARSET=cp1251 AUTO_INCREMENT=1 ;

-- --------------------------------------------------------

--
-- Структура таблицы `months`
--

CREATE TABLE IF NOT EXISTS `months` (
  `id` int(10) NOT NULL AUTO_INCREMENT,
  `month` varchar(10) NOT NULL,
  PRIMARY KEY (`id`)
) ENGINE=InnoDB  DEFAULT CHARSET=cp1251 AUTO_INCREMENT=13 ;

--
-- Дамп данных таблицы `months`
--

INSERT INTO `months` (`id`, `month`) VALUES
(1, '01'),
(2, '02'),
(3, '03'),
(4, '04'),
(5, '05'),
(6, '06'),
(7, '07'),
(8, '08'),
(9, '09'),
(10, '10'),
(11, '11'),
(12, '12');

-- --------------------------------------------------------

--
-- Структура таблицы `profession`
--

CREATE TABLE IF NOT EXISTS `profession` (
  `id` int(10) NOT NULL AUTO_INCREMENT,
  `titleprof` varchar(30) NOT NULL,
  PRIMARY KEY (`id`)
) ENGINE=InnoDB  DEFAULT CHARSET=cp1251 AUTO_INCREMENT=38 ;

--
-- Дамп данных таблицы `profession`
--

INSERT INTO `profession` (`id`, `titleprof`) VALUES
(16, 'стропальщик'),
(17, 'газорезчик'),
(20, 'оператор'),
(23, 'опасные грузы'),
(25, 'рабочий люльки'),
(27, 'электробезопасность1гр.'),
(28, 'электробезопасность2гр.'),
(29, 'электробезопасность3гр.'),
(30, 'пожтехминимум'),
(31, 'газ(пропан,кислород)'),
(32, 'НАКС'),
(33, 'машинисты кранов'),
(34, 'эл.монтеры по кранам'),
(35, 'слесари по кранам'),
(36, 'кран-балки'),
(37, 'электробезопасность4гр.');

-- --------------------------------------------------------

--
-- Структура таблицы `rsu`
--

CREATE TABLE IF NOT EXISTS `rsu` (
  `id` int(10) NOT NULL AUTO_INCREMENT,
  `number` int(10) NOT NULL,
  PRIMARY KEY (`id`)
) ENGINE=InnoDB  DEFAULT CHARSET=cp1251 AUTO_INCREMENT=6 ;

--
-- Дамп данных таблицы `rsu`
--

INSERT INTO `rsu` (`id`, `number`) VALUES
(1, 1),
(2, 2),
(3, 3),
(4, 4),
(5, 5);

-- --------------------------------------------------------

--
-- Структура таблицы `workers`
--

CREATE TABLE IF NOT EXISTS `workers` (
  `id` int(4) NOT NULL AUTO_INCREMENT,
  `surname` varchar(50) NOT NULL,
  `name` varchar(50) NOT NULL,
  `secondname` varchar(50) NOT NULL,
  `rsu` varchar(50) NOT NULL,
  PRIMARY KEY (`id`)
) ENGINE=InnoDB  DEFAULT CHARSET=cp1251 AUTO_INCREMENT=228 ;

--
-- Дамп данных таблицы `workers`
--

INSERT INTO `workers` (`id`, `surname`, `name`, `secondname`, `rsu`) VALUES
(159, 'Шабалин', 'Евгений', 'Владимирович', 'ОГМ'),
(160, 'Батаев', 'Сергей', 'Александрович', '2'),
(161, 'Грязнова ', 'Надежда', 'Васильевна', '2'),
(162, 'Ефремов', 'Сергей', 'Алексеевич', '2'),
(163, 'Синельник', 'Антон', 'Михаилович', '2'),
(164, 'Смирнов', 'Валентин', 'Григорьевич', '2'),
(165, 'Челак', 'Леонид', 'Григорьевич', '2'),
(166, 'Шуктомов', 'Андрей', 'Валерьевич', '2'),
(167, 'Михайлов', 'Евгений', 'Павлович', '2'),
(168, 'Эберле', 'Петр', 'Игнатьевич', '2'),
(169, 'Чикалев', 'Николай', 'Петрович', '2'),
(170, 'Петров', 'Сергей', 'Анатольевич', '2'),
(171, 'Дьяконов', 'Сергей', 'Павлович', '2'),
(172, 'Арпинтен', 'Эдуард', 'Валерьевич', '2'),
(173, 'Кетов', 'Максим', 'Михаилович', '2'),
(174, 'Терентьев', 'Вадим', 'Александрович', '1'),
(175, 'Сулейманов', 'Мирсаит', 'Мавляевич', '1'),
(176, 'Болдырев', 'Владимир', 'Николаевич', '1'),
(177, 'Буканов', 'Александр', 'Анатольевич', '2'),
(178, 'Попов', 'Максим', 'Викторович', 'ДОЦ'),
(179, 'Сельков', 'Артем', 'Васильевич', '3'),
(180, 'Косилов', 'Сергей', 'Николаевич', '1'),
(181, 'Парнев', 'Николай', 'Петрович', '5'),
(182, 'Шмелев', 'Валерий', 'Николаевич', 'ОГМ'),
(183, 'Пальцева', 'Нина', 'Виссарионовна', '5'),
(184, 'Никитин', 'Николай', 'Николаевич', 'ОГМ'),
(185, 'Доронина', 'Татьяна', 'Николаевна', 'ОГМ'),
(186, 'Фролов', 'Николай', 'Дмитриевич', 'ОГМ'),
(187, 'Петров', 'Алексей', 'Николаевич', 'ДОЦ'),
(188, 'Сычев', 'Николай', 'Павлович', '1'),
(189, 'Лыюров', 'Николай', 'Матвеевич', '2'),
(190, 'Василиогло', 'Иван', 'Пантилеевич', '2'),
(191, 'Родионов', 'Олег', 'Валентинович', '1'),
(192, 'Кожанов', 'Виталий', 'Петрович', '3'),
(193, 'Колодинов', 'Вадим', 'Вячеславович', '3'),
(194, 'Канев', 'Михаил ', 'Иванович', '3'),
(195, 'Богданович', 'Алексей', 'Вениаминович', '3'),
(196, 'Югов', 'Алексей', 'Михаилович', '3'),
(197, 'Якуб', 'Андрей', 'Валентинович', 'ДОЦ'),
(198, 'Безносов', 'Павел', 'Владимирович', '3'),
(199, 'Лютоев', 'Юрий', 'Александрович', '1'),
(200, 'Бусыгин', 'Леонид', 'Александрович', '1'),
(201, 'Баранов', 'Евгений', 'Владимирович', 'ДОЦ'),
(202, 'Чудов', 'Василий', 'Андреевич', '1'),
(203, 'Торлопов', 'Николай', 'Иванович', 'КО'),
(204, 'Тимушев', 'Александр', 'Альбертович', '1'),
(205, 'Цепков', 'Илья', 'Викторович', '5'),
(206, 'Кувербин', 'Алексей', 'Сергеевич', '5'),
(207, 'Распутин', 'Алексей', 'Иванович', '5'),
(208, 'Патрушев', 'Павел', 'Владимирович', '3'),
(209, 'Муклецов', 'Александр', 'Михаилович', '3'),
(210, 'Чепцов', 'Алексей', 'Иванович', '3'),
(211, 'Колупаев', 'Василий', 'Юрьевич', '1'),
(212, 'Яхлаков', 'Александр', 'Владимирович', 'ДОЦ'),
(213, 'Дьяконов', 'Руслан', 'Евгеньевич', 'ОГМ'),
(214, 'Юркин', 'Сергей', 'Михаилович', '5'),
(216, 'Попова', 'Галина', 'Александровна', '5'),
(217, 'Михеева', 'Ольга', 'Алексеевна', '5'),
(218, 'Комарова', 'Надежда', 'Петровна', '5'),
(219, 'Иванова', 'Любовь', 'Гаджиевна', '5'),
(220, 'Белых', 'Надежда', 'Симоновна', '5'),
(221, 'Баранова', 'Надежда', 'Ярополковна', '5'),
(222, 'Лукьянцева', 'Галина', 'Анатольевна', '5'),
(223, 'Лисицева', 'Маргарита', 'Александровна', '5'),
(224, 'Печенов ', 'Сергей', 'Анатольевич', '3'),
(225, 'Старцев', 'Николай', 'Александрович', '1'),
(226, 'Пархачев', 'Сергей', 'Кенсаринович', '1'),
(227, 'Федоров', 'Александр', 'Юрьевич', '1');

-- --------------------------------------------------------

--
-- Структура таблицы `workers_docs`
--

CREATE TABLE IF NOT EXISTS `workers_docs` (
  `id` int(10) NOT NULL AUTO_INCREMENT,
  `linkkey` int(10) NOT NULL,
  `titledoc` varchar(50) NOT NULL,
  `typedoc` varchar(50) NOT NULL,
  `datep` varchar(50) NOT NULL,
  `dateo` varchar(50) NOT NULL,
  PRIMARY KEY (`id`),
  KEY `linkkey` (`linkkey`)
) ENGINE=InnoDB  DEFAULT CHARSET=cp1251 AUTO_INCREMENT=197 ;

--
-- Дамп данных таблицы `workers_docs`
--

INSERT INTO `workers_docs` (`id`, `linkkey`, `titledoc`, `typedoc`, `datep`, `dateo`) VALUES
(98, 53, '4', '4', '04.04.2004', '04.04.2008'),
(103, 56, 'фф', 'фффф', '01.01.1990', '01.01.1992'),
(104, 56, 'ккк', 'ккк', '01.01.1990', '01.01.1992'),
(105, 59, 'ппп', 'ппп', '01.01.1998', '01.01.2002'),
(106, 58, 'и', 'и', '01.01.1991', '01.01.1993'),
(107, 56, 'ыыы', 'ыыыы', '01.01.1993', '01.01.1998'),
(108, 61, 'ДОПОГ-свидетельство', 'свидетельство', '17.01.2012', '17.01.2015'),
(110, 62, 'удостоверение', '№39', '14.02.2012', '14.02.2013'),
(111, 63, 'удостоверение', '№41', '14.02.2012', '14.02.2013'),
(112, 64, 'удостоверение', '№43', '14.02.2012', '14.02.2013'),
(113, 65, 'удостоверение', '№50', '14.02.2012', '14.02.2013'),
(114, 66, 'удостоверение', '№51', '14.02.2012', '14.02.2013'),
(115, 67, 'удостоверение', '№52', '14.02.2012', '14.02.2013'),
(116, 68, 'удостоверение', '№55', '14.02.2012', '14.02.2013'),
(117, 69, 'удостоверение', '№47', '12.02.2012', '12.02.2013'),
(118, 70, 'удостоверение', '№56', '14.02.2012', '14.02.2013'),
(119, 71, 'удостоверение', '№53', '14.02.2012', '14.02.2013'),
(122, 72, 'удостоверение', '№291', '14.02.2012', '14.02.2013'),
(123, 73, 'удостоверение', '№290', '14.02.2012', '14.02.2013'),
(124, 74, 'удостоверение', '№289', '14.02.2012', '14.02.2013'),
(126, 75, 'удостоверение', '№288', '14.02.2012', '14.02.2013'),
(127, 76, 'удостоверение', '№287', '14.02.2012', '14.02.2013'),
(128, 77, 'удостоверение', '№286', '14.02.2012', '14.02.2013'),
(129, 78, 'удостоверение', '№285', '14.02.2012', '14.02.2013'),
(130, 79, 'удостоверение', '№49', '14.02.2012', '14.02.2013'),
(131, 80, 'удостоверение', '№343', '12.01.2012', '12.01.2013'),
(132, 81, 'удостоверение', '№5851', '12.01.2012', '12.01.2013'),
(133, 82, 'удостоверение', '№298', '12.01.2012', '12.01.2013'),
(134, 83, 'удостоверение', '№253', '12.01.2012', '12.01.2013'),
(135, 66, 'удостоверение', '№551', '12.01.2012', '12.01.2013'),
(136, 85, 'удостоверение', '№194', '12.01.2012', '12.01.2013'),
(137, 86, 'удостоверение', '№10', '12.01.2012', '12.01.2013'),
(138, 87, 'удостоверение', '№1083', '12.01.2012', '12.01.2013'),
(139, 86, 'удостоверение', '№80', '12.01.2012', '12.01.2013'),
(140, 90, 'удостоверение', '№47', '12.01.2012', '12.01.2013'),
(144, 88, 'удостоверение', '№80', '12.01.2012', '12.01.2013'),
(145, 92, 'удостоверение', 'АТ653119', '12.01.2012', '12.01.2013'),
(146, 93, 'удостоверение', '№10', '12.01.2012', '12.01.2013'),
(147, 91, 'удостоверение', '№528', '12.01.2012', '12.01.2013'),
(148, 88, 'удостоверение', '№80', '12.01.2012', '12.01.2013'),
(150, 84, 'удостоверение', '№551', '12.01.2012', '12.01.2013'),
(151, 95, 'удостоверение', '№51', '12.01.2012', '12.01.2013'),
(152, 94, 'удостоверение', '№80', '12.01.2012', '12.01.2013'),
(153, 96, 'удостоверение', '№742', '25.01.2012', '25.01.2013'),
(154, 97, 'удостоверение', '№65', '14.11.2011', '14.11.2012'),
(155, 98, 'удостоверение', '№575', '19.10.2011', '19.10.2012'),
(156, 99, 'удостоверение', '№298', '19.10.2011', '19.10.2012'),
(157, 103, 'удостоверение', '№610', '19.10.2011', '19.10.2012'),
(158, 102, 'удостоверение', '№1180', '19.10.2011', '19.10.2012'),
(159, 101, 'удостоверение', '№609', '19.10.2011', '19.10.2012'),
(160, 104, 'удостоверение', '№150', '19.10.2011', '19.10.2012'),
(161, 100, 'удостоверение', '№44', '19.10.2011', '19.10.2012'),
(162, 109, 'удостоверение', '№608', '17.08.2011', '17.08.2012'),
(163, 110, 'удостоверение', '№615', '17.08.2011', '17.08.2012'),
(164, 111, 'удостоверение', '№615', '17.08.2011', '17.08.2012'),
(165, 108, 'удостоверение', '№613', '17.08.2011', '17.08.2012'),
(166, 107, 'удостоверение', '№116', '17.08.2011', '17.08.2012'),
(167, 106, 'удостоверение', '№1256', '17.08.2011', '17.08.2012'),
(168, 105, 'удостоверение', '№618', '17.08.2011', '17.08.2012'),
(169, 115, 'удостоверение', '№270', '17.08.2012', '17.08.2013'),
(170, 114, 'удостоверение', '№5701', '10.08.2011', '10.08.2012'),
(171, 113, 'удостоверение', '№9004', '10.08.2011', '10.08.2012'),
(172, 112, 'удостоверение', '№333606', '10.08.2011', '10.08.2012'),
(173, 62, 'удостоверение', '№1139', '29.06.2011', '29.06.2012'),
(174, 118, 'удостоверение', '№1097', '29.06.2011', '29.06.2012'),
(175, 119, 'удостоверение', '№57', '29.06.2011', '29.06.2012'),
(176, 128, 'удостоверение', '№1820', '16.05.2011', '16.05.2012'),
(177, 129, 'удостоверение', '№554', '16.05.2011', '16.05.2012'),
(178, 127, 'удостоверение', '№5703', '16.05.2011', '16.05.2012'),
(179, 126, 'удостоверение', '№5711', '17.05.2011', '17.05.2012'),
(180, 125, 'удостоверение', '№1269', '17.05.2011', '17.05.2012'),
(181, 124, 'удостоверение', '№561', '17.05.2011', '17.05.2012'),
(182, 120, 'удостоверение', '№284', '17.05.2011', '17.05.2012'),
(183, 122, 'удостоверение', '№5704', '17.05.2011', '17.05.2012'),
(185, 123, 'удостоверение', '№284', '17.05.2011', '17.05.2012'),
(186, 130, 'удостоверение', '№406', '17.05.2011', '17.05.2012'),
(187, 140, 'удостоверение', '№133', '13.05.2011', '13.05.2012'),
(188, 139, 'удостоверение', '№134', '13.05.2011', '13.05.2012'),
(189, 138, 'удостоверение', '№28', '13.05.2011', '13.05.2012'),
(190, 137, 'удостоверение', '№32', '13.05.2011', '13.05.2012'),
(191, 136, 'удостоверение', '№36', '13.05.2011', '13.05.2012'),
(192, 135, 'удостоверение', '26', '13.05.2011', '13.05.2012'),
(194, 134, 'удостоверение', '№29', '13.05.2011', '13.05.2012'),
(195, 133, 'удостоверение', '№33', '13.05.2011', '13.05.2012'),
(196, 131, 'удостоверение', '№22', '13.05.2011', '13.05.2012');

-- --------------------------------------------------------

--
-- Структура таблицы `workers_prof`
--

CREATE TABLE IF NOT EXISTS `workers_prof` (
  `id` int(10) NOT NULL AUTO_INCREMENT,
  `linkkey` int(10) NOT NULL,
  `titleprof` varchar(30) NOT NULL,
  PRIMARY KEY (`id`),
  KEY `linkkey` (`linkkey`)
) ENGINE=InnoDB  DEFAULT CHARSET=cp1251 AUTO_INCREMENT=145 ;

--
-- Дамп данных таблицы `workers_prof`
--

INSERT INTO `workers_prof` (`id`, `linkkey`, `titleprof`) VALUES
(51, 157, 'машинист автокрана'),
(52, 157, 'газорезчик'),
(53, 125, 'машинист автокрана'),
(55, 125, 'по электробезопасности'),
(56, 156, 'машинист автокрана'),
(58, 156, 'стропальщик'),
(59, 158, 'оператор'),
(61, 159, 'опасные грузы'),
(62, 160, 'рабочий'),
(63, 161, 'рабочий'),
(64, 162, 'рабочий'),
(65, 163, 'рабочий'),
(67, 165, 'рабочий'),
(68, 166, 'рабочий'),
(69, 167, 'рабочий'),
(70, 168, 'рабочий'),
(71, 169, 'рабочий'),
(72, 170, 'рабочий'),
(73, 171, 'рабочий'),
(74, 172, 'рабочий'),
(75, 173, 'рабочий'),
(76, 174, 'рабочий'),
(77, 175, 'рабочий'),
(78, 176, 'рабочий'),
(79, 177, 'рабочий'),
(80, 178, 'стропальщик'),
(81, 179, 'стропальщик'),
(82, 180, 'стропальщик'),
(83, 167, 'стропальщик'),
(84, 164, 'стропальщик'),
(85, 181, 'стропальщик'),
(87, 183, 'стропальщик'),
(90, 184, 'машинисты'),
(91, 185, 'машинисты'),
(92, 186, 'машинисты'),
(93, 182, 'стропальщик'),
(94, 182, 'машинисты кранов'),
(95, 164, 'рабочий люльки'),
(96, 187, 'стропальщик'),
(97, 188, 'газорезчик'),
(98, 166, 'стропальщик'),
(99, 168, 'стропальщик'),
(100, 189, 'стропальщик'),
(101, 190, 'стропальщик'),
(102, 191, 'стропальщик'),
(103, 192, 'стропальщик'),
(104, 169, 'стропальщик'),
(105, 193, 'стропальщик'),
(106, 194, 'стропальщик'),
(107, 195, 'стропальщик'),
(108, 196, 'стропальщик'),
(109, 197, 'стропальщик'),
(110, 163, 'стропальщик'),
(111, 165, 'стропальщик'),
(112, 198, 'стропальщик'),
(113, 199, 'стропальщик'),
(114, 200, 'стропальщик'),
(115, 201, 'стропальщик'),
(116, 160, 'стропальщик'),
(117, 202, 'стропальщик'),
(118, 176, 'стропальщик'),
(119, 203, 'стропальщик'),
(121, 205, 'стропальщик'),
(122, 206, 'стропальщик'),
(123, 207, 'стропальщик'),
(124, 208, 'стропальщик'),
(125, 209, 'стропальщик'),
(126, 210, 'стропальщик'),
(127, 211, 'стропальщик'),
(128, 212, 'стропальщик'),
(129, 213, 'стропальщик'),
(130, 204, 'стропальщик'),
(131, 214, 'рабочий'),
(132, 215, 'рабочий'),
(133, 216, 'рабочий'),
(134, 217, 'рабочий'),
(135, 218, 'рабочий'),
(136, 219, 'рабочий'),
(137, 220, 'рабочий'),
(138, 221, 'рабочий'),
(139, 222, 'рабочий'),
(140, 223, 'рабочий'),
(141, 224, 'электробезопасность'),
(142, 225, 'электробезопасность'),
(143, 226, 'электробезопасность'),
(144, 227, 'электробезопасность');

-- --------------------------------------------------------

--
-- Структура таблицы `years`
--

CREATE TABLE IF NOT EXISTS `years` (
  `id` int(10) NOT NULL AUTO_INCREMENT,
  `year` int(10) NOT NULL,
  PRIMARY KEY (`id`)
) ENGINE=InnoDB  DEFAULT CHARSET=cp1251 AUTO_INCREMENT=32 ;

--
-- Дамп данных таблицы `years`
--

INSERT INTO `years` (`id`, `year`) VALUES
(1, 1990),
(2, 1991),
(3, 1992),
(4, 1993),
(5, 1994),
(6, 1995),
(7, 1996),
(8, 1997),
(9, 1998),
(10, 1999),
(11, 2000),
(12, 2001),
(13, 2002),
(14, 2003),
(15, 2004),
(16, 2005),
(17, 2006),
(18, 2007),
(19, 2008),
(20, 2009),
(21, 2010),
(22, 2011),
(23, 2012),
(24, 2013),
(25, 2014),
(26, 2015),
(27, 2016),
(28, 2017),
(29, 2018),
(30, 2019),
(31, 2020);

/*!40101 SET CHARACTER_SET_CLIENT=@OLD_CHARACTER_SET_CLIENT */;
/*!40101 SET CHARACTER_SET_RESULTS=@OLD_CHARACTER_SET_RESULTS */;
/*!40101 SET COLLATION_CONNECTION=@OLD_COLLATION_CONNECTION */;
